Workbook

Sheet ELEC-SUMM 
A1: BILL OF QUANTITIES FOR ELECTRIFICATION WORKS. -HUL ICE CREAM,13TH FLOOR
A2: SL.NO | B2: DESCRIPTION | C2: Supply | D2: Installation | E2: Total Amount
A4: A | B4: WIRING SYSTEM | C4: ='ELEC '!I60 -> 0 | D4: ='ELEC '!J60 -> 0 | E4: =C4+D4 -> 0
E5: =C5+D5 -> 0
A6: B | B6: POWER SOCKETS | C6: ='ELEC '!I107 -> 0 | D6: ='ELEC '!J107 -> 0 | E6: =C6+D6 -> 0
E7: =C7+D7 -> 0
A8: C | B8: L.T. PANELS | C8: ='ELEC '!I133 -> 0 | D8: ='ELEC '!J133 -> 0 | E8: =C8+D8 -> 0
E9: =C9+D9 -> 0
A10: D | B10: DISTRIBUTION BOARDS | C10: ='ELEC '!I234 -> 0 | D10: ='ELEC '!J234 -> 0 | E10: =C10+D10 -> 0
E11: =C11+D11 -> 0
A12: E | B12: L.T. CABLES | C12: ='ELEC '!I318 -> 0 | D12: ='ELEC '!J318 -> 0 | E12: =C12+D12 -> 0
E13: =C13+D13 -> 0
A14: G | B14: CONDUIT & RACEWAYS FOR NETWORKING & POWER SYSTEM ONLY | C14: ='ELEC '!I389 -> 0 | D14: ='ELEC '!J389 -> 0 | E14: =C14+D14 -> 0
E15: =C15+D15 -> 0
A16: H | B16: EARTHING SYSTEM | C16: ='ELEC '!I431 -> 0 | D16: ='ELEC '!J431 -> 0 | E16: =C16+D16 -> 0
E17: =C17+D17 -> 0
A18: I | B18: MISCELLANEOUS ITEMS | C18: ='ELEC '!I459 -> 0 | D18: ='ELEC '!J459 -> 0 | E18: =C18+D18 -> 0
B20: TOTAL | C20: =SUM(C4:C19) -> 0 | D20: =SUM(D4:D19) -> 0 | E20: =SUM(E4:E19) -> 0
A22: J | B22: LGHTING | E22: =C22+D22 -> 0

Sheet ELEC 
B1: PROJECT : TABLE SPACE
B2: INTERIOR ELECTRICAL WORKS BOQ | I2: R0
A3: SL. NO | B3: DESCRIPTION | G3: RATE - RS. | I3: AMOUNT - RS.
C4: UNIT | D4: Common Area | E4: OFFICE | F4: Qty | G4: SUPPLY | H4: INSTALLATION | I4: SUPPLY | J4: INSTALLATION | K4: AMOUNT | M4: ESPL Remarks
A5: A | B5: WIRING SYSTEM
A7: 1 | B7: CIRCUIT MAINS
B9: Circuit mains using 1.1kV grade PVC insulated FRLS copper conductor (MSCC) wires / PVC insulated PVC sheathed single core cables drawn in PVCS conduit or in existing raceway. Rates quoted shall include supply of conduits, wires & other conduiting accessories, MS pull / junction boxes, G.I fish wire etc. Colour coding shall be used for conduits to differentiate lighting, RP, UPS, emergency lighting circuits & point wiring. All circuit terminations shall be provided with solder less crimping type copper sockets / lugs, ferrules indicating source code on load side & load code on source side. There shall not be any joints in the circuits, only looping is allowed in terminal blocks & in switches / socket outlets.
B11: NOTE:
B12: 1) Conduits running above false ceiling in multiples shall be supported by Slotted GI 'C' channel at distance not more than 0.5mtrs intervals.
B13: 2) Accessories shall includes Bends, Collars, junction boxes, Spacers, saddles, screws, Flexibles
B14: 3) Conduits shall be ISI marked
B15: 4) The number of wires drawn in each conduit shall be as per BIS 694 .
B16: 5) No different phases shall be drawn in same conduit
B17: 6) Conduit joints shall be done with threading proper accessories only
B18: 7) Use colour coding for each UPS & Raw power seperately
B19: 8) Black color conduit to be used / As per architect color approval
A21: 1.1 | B21: Lighting Circuit:
B22: Supply & Installation of wiring using 2X2.5 + 1X1.5 sqmm PVC insulated FRLS wire drawn in 2mm thick PVC conduit as lighting circuit. The circuit main shall be measured in running metres from respective distribution board upto first switch point / light point and looping between the switches (further onwards, it shall be deemed to be included in point wiring). (cost of conduit is included) | C22: M | D22: =(3+3)*45*1.1 -> 297 | E22: =(21+21)*45*1.1 -> 2079 | F22: =SUM(D22:E22) -> 2376 | I22: =+N($F22)*N(G22) -> 0 | J22: =+N($F22)*N(H22) -> 0 | K22: =J22+I22 -> 0 | M22: 1.5 is updated to 2.5 for phase & neutral
F23: =SUM(D23:E23) -> 0 | I23: =+N($F23)*N(G23) -> 0 | J23: =+N($F23)*N(H23) -> 0 | K23: =J23+I23 -> 0
A24: 1.2 | B24: Emergency lighting circuit: | F24: =SUM(D24:E24) -> 0 | I24: =+N($F24)*N(G24) -> 0 | J24: =+N($F24)*N(H24) -> 0 | K24: =J24+I24 -> 0
B25: Supply & Installation of wiring using 2X2.5 + 1X1.5 sqmm PVC insulated FRLS wire drawn in 2mm thick PVC conduit as lighting circuit. The circuit main shall be measured in running metres from respective distribution board upto first switch point / light point and looping between the switches (further onwards, it shall be deemed to be included in point wiring). (cost of conduit is included) | C25: M | D25: =3*45*1.1 -> 148.5 | E25: =8*45*1.1 -> 396 | F25: =SUM(D25:E25) -> 544.5 | I25: =+N($F25)*N(G25) -> 0 | J25: =+N($F25)*N(H25) -> 0 | K25: =J25+I25 -> 0
F26: =SUM(D26:E26) -> 0 | I26: =+N($F26)*N(G26) -> 0 | J26: =+N($F26)*N(H26) -> 0 | K26: =J26+I26 -> 0
A27: 1.3 | B27: VAV,FD & ,Convinient ,Security application Circuit : | F27: =SUM(D27:E27) -> 0 | I27: =+N($F27)*N(G27) -> 0 | J27: =+N($F27)*N(H27) -> 0 | K27: =J27+I27 -> 0
B28: Supply & Installation of wiring using 2X2.5 + 1X1.5 sqmm PVC insulated FRLS wire drawn in 2mm thick PVC conduit for third party services (cost of conduit is included) | C28: M | D28: =3*45*1.1 -> 148.5 | E28: =8*45*1.1 -> 396 | F28: =SUM(D28:E28) -> 544.5 | I28: =+N($F28)*N(G28) -> 0 | J28: =+N($F28)*N(H28) -> 0 | K28: =J28+I28 -> 0
F29: =SUM(D29:E29) -> 0 | I29: =+N($F29)*N(G29) -> 0 | J29: =+N($F29)*N(H29) -> 0 | K29: =J29+I29 -> 0
A30: 1.4 | B30: UPS Circuit W/S | F30: =SUM(D30:E30) -> 0 | I30: =+N($F30)*N(G30) -> 0 | J30: =+N($F30)*N(H30) -> 0 | K30: =J30+I30 -> 0
B31: Supply & Installation of 3 C x 2.5 Sqmm FRLS 1100V unarmoured double insulated flexible multicore cable in white and black colour for UPS & RP circuit respectively in existing conduits/raceways. (Conduit cost is excluded) | C31: M | D31: 200 | E31: =(28+28)*40*1.1 -> 2464 | F31: =SUM(D31:E31) -> 2664 | I31: =+N($F31)*N(G31) -> 0 | J31: =+N($F31)*N(H31) -> 0 | K31: =J31+I31 -> 0
F32: =SUM(D32:E32) -> 0 | I32: =+N($F32)*N(G32) -> 0 | J32: =+N($F32)*N(H32) -> 0 | K32: =J32+I32 -> 0
A33: 1.5 | B33: RP Circuit W/S | F33: =SUM(D33:E33) -> 0 | I33: =+N($F33)*N(G33) -> 0 | J33: =+N($F33)*N(H33) -> 0 | K33: =J33+I33 -> 0
B34: Supply & Installation of 3 C x 2.5 Sqmm FRLS 1100V unarmoured double insulated flexible multicore cable in white and black colour for UPS & RP circuit respectively in existing conduits/raceways. (Conduit cost is excluded) | C34: M | D34: 200 | E34: =(28+28)*40*1.1 -> 2464 | F34: =SUM(D34:E34) -> 2664 | I34: =+N($F34)*N(G34) -> 0 | J34: =+N($F34)*N(H34) -> 0 | K34: =J34+I34 -> 0
F35: =SUM(D35:E35) -> 0 | I35: =+N($F35)*N(G35) -> 0 | J35: =+N($F35)*N(H35) -> 0 | K35: =J35+I35 -> 0
A36: 1.6 | B36: UPS Circuit - MDF & IDF room rack | F36: =SUM(D36:E36) -> 0 | I36: =+N($F36)*N(G36) -> 0 | J36: =+N($F36)*N(H36) -> 0 | K36: =J36+I36 -> 0
B37: Supply & Installation of 3 C x 4 Sqmm FRLS 1100V unarmoured double insulated flexible multicore cable in white and black colour for UPS & RP circuit respectively in existing conduits/raceways.(Conduit cost is excluded) | C37: M | F37: =SUM(D37:E37) -> 0 | I37: =+N($F37)*N(G37) -> 0 | J37: =+N($F37)*N(H37) -> 0 | K37: =J37+I37 -> 0
F38: =SUM(D38:E38) -> 0 | I38: =+N($F38)*N(G38) -> 0 | J38: =+N($F38)*N(H38) -> 0 | K38: =J38+I38 -> 0
A39: 1.7 | B39: UPS Circuit - Server room rack | F39: =SUM(D39:E39) -> 0 | I39: =+N($F39)*N(G39) -> 0 | J39: =+N($F39)*N(H39) -> 0 | K39: =J39+I39 -> 0
B40: Supply & Installation of 3 C x 6 Sqmm FRLS 1100V unarmoured double insulated flexible multicore cable in white and black colour for UPS & RP circuit respectively in existing conduits/raceways.(Conduit cost is excluded) | C40: M | E40: =4*4*15*1.1 -> 264 | F40: =SUM(D40:E40) -> 264 | I40: =+N($F40)*N(G40) -> 0 | J40: =+N($F40)*N(H40) -> 0 | K40: =J40+I40 -> 0
F41: =SUM(D41:E41) -> 0 | I41: =+N($F41)*N(G41) -> 0 | J41: =+N($F41)*N(H41) -> 0 | K41: =J41+I41 -> 0
A42: A.1 | B42: POINT WIRING | F42: =SUM(D42:E42) -> 0 | I42: =+N($F42)*N(G42) -> 0 | J42: =+N($F42)*N(H42) -> 0 | K42: =J42+I42 -> 0
A43: A.1.1 | B43: POINT WIRING - SWITCH CONTROL | F43: =SUM(D43:E43) -> 0 | I43: =+N($F43)*N(G43) -> 0 | J43: =+N($F43)*N(H43) -> 0 | K43: =J43+I43 -> 0
F44: =SUM(D44:E44) -> 0 | I44: =+N($F44)*N(G44) -> 0 | J44: =+N($F44)*N(H44) -> 0 | K44: =J44+I44 -> 0
B45: Supply, installation, Testing and Commissioning of point wiring using 3R x1.5Sqmm for Primary & for Secondary wiring FRLS 1100V wire of approved make drawn in 20mm dia PVC conduit including all conduit accessories such as bends, junction boxes etc., complete. The wiring shall be complete with ceiling roses, switches and all consumables. The wiring shall be complete with ceiling roses, switches and all consumables. The rate shall include providing mounting boxes with tapped holes for lights switches, moulded front plates with brass screws earthing of all points using third wire | F45: =SUM(D45:E45) -> 0 | I45: =+N($F45)*N(G45) -> 0 | J45: =+N($F45)*N(H45) -> 0 | K45: =J45+I45 -> 0
B46: Conduit colour to be black | F46: =SUM(D46:E46) -> 0 | I46: =+N($F46)*N(G46) -> 0 | J46: =+N($F46)*N(H46) -> 0 | K46: =J46+I46 -> 0
F47: =SUM(D47:E47) -> 0 | I47: =+N($F47)*N(G47) -> 0 | J47: =+N($F47)*N(H47) -> 0 | K47: =J47+I47 -> 0
A48: A.1.2 | B48: PRIMARY LIGHT POINT | C48: Nos. | D48: 50 | E48: 80 | F48: =D48+E48 -> 130 | I48: =+G48*E48 -> 0 | J48: =+H48*F48 -> 0 | K48: =J48+I48 -> 0 | M48: Qty to be entered based on light fixtures
B49: I. Primary light point means wiring from first switch control to the first light outlet. The switch and all necessary accessories would be part of primary point. | F49: =SUM(D49:E49) -> 0 | I49: =+N($F49)*N(G49) -> 0 | J49: =+N($F49)*N(H49) -> 0 | K49: =J49+I49 -> 0
B50: II. Not to include the incoming lighting circuit from MCB-DB to switch. | F50: =SUM(D50:E50) -> 0 | I50: =+N($F50)*N(G50) -> 0 | J50: =+N($F50)*N(H50) -> 0 | K50: =J50+I50 -> 0
B51: III. But to include the sub-circuit if it is drawn from adjacent switch box. | F51: =SUM(D51:E51) -> 0 | I51: =+N($F51)*N(G51) -> 0 | J51: =+N($F51)*N(H51) -> 0 | K51: =J51+I51 -> 0
B52: III. Ceiling flexible conduit shall be included at the drop of light fixture. 3 core PVC transparent clear electrical cable flex wire/cable shall be included at the drop of suspended light fixture as required | F52: =SUM(D52:E52) -> 0 | I52: =+N($F52)*N(G52) -> 0 | J52: =+N($F52)*N(H52) -> 0 | K52: =J52+I52 -> 0
F53: =SUM(D53:E53) -> 0 | I53: =+N($F53)*N(G53) -> 0 | J53: =+N($F53)*N(H53) -> 0 | K53: =J53+I53 -> 0
A54: A.1.3 | B54: SECONDARY LIGHT POINT | C54: Nos. | D54: 180 | E54: 329 | F54: =D54+E54 -> 509 | I54: =+G54*E54 -> 0 | J54: =+H54*F54 -> 0 | K54: =J54+I54 -> 0
I55: =+N($F55)*N(G55) -> 0 | J55: =+N($F55)*N(H55) -> 0 | K55: =J55+I55 -> 0
B56: I. Secondary light point means extention of light outlet from existing primary point. Same to be controlled by the existing switch of primary point. | I56: =+N($F56)*N(G56) -> 0 | J56: =+N($F56)*N(H56) -> 0 | K56: =J56+I56 -> 0
B57: II. Ceiling flexible conduit shall be included at the drop of light fixture. 3 core PVC transparent clear electrical cable flex wire/cable shall be included at the drop of suspended light fixture as required | I57: =+N($F57)*N(G57) -> 0 | J57: =+N($F57)*N(H57) -> 0 | K57: =J57+I57 -> 0
B58: Each LED strip of 5 mtr looping is considered in this line item | I58: =+N($F58)*N(G58) -> 0 | J58: =+N($F58)*N(H58) -> 0 | K58: =J58+I58 -> 0
I59: =+N($F59)*N(G59) -> 0 | J59: =+N($F59)*N(H59) -> 0 | K59: =J59+I59 -> 0
B60: TOTAL CARRIED OVER TO THE SUMMARY | I60: =SUM(I22:I59) -> 0 | J60: =SUM(J22:J59) -> 0 | K60: =SUM(K22:K59) -> 0
A62: B | B62: POWER SOCKETS
A63: 1 | B63: POWER RECEPTACLES
B64: Note all power sockets to be with identification
B65: Contractor to take sample approval for UPS/ RP Sockets for socket colors and switch plate colors from Architect/Consultant/PMC & Clients
B66: Raw power faceplate to be Grey
B67: Minimum Depth of outlet box to be 50mm , All Outlet boxes to be with CRCA sheet with GI plating
A69: =+A63+0.1 -> 1.1 | B69: Supply and installation of 6A, 3 pin, shuttered socket outlet and 6A switch and moulded plastic cover plate,including the termination of wires (WS+VAV+EXIT SIGNAGE) | C69: No | D69: 10 | E69: 40 | F69: =SUM(D69:E69) -> 50 | I69: =+N($F69)*N(G69) -> 0 | J69: =+N($F69)*N(H69) -> 0 | K69: =J69+I69 -> 0
F70: =SUM(D70:E70) -> 0 | I70: =+N($F70)*N(G70) -> 0 | J70: =+N($F70)*N(H70) -> 0 | K70: =J70+I70 -> 0
A71: 1.2 | B71: Supply and installation of 6/16A, combination type shuttered socket outlet controlled by one no. 16A switch and moulded plastic cover plate,including the termination of wires.(HAT +Service+Pantry +EX.FAN+DRAIN P+GENERAL PURPOSE ) | C71: No | D71: =10+5 -> 15 | E71: =284+12 -> 296 | F71: =SUM(D71:E71) -> 311 | I71: =+N($F71)*N(G71) -> 0 | J71: =+N($F71)*N(H71) -> 0 | K71: =J71+I71 -> 0 | M71: Since HAT is mentioned considered all HAT .
F72: =SUM(D72:E72) -> 0 | I72: =+N($F72)*N(G72) -> 0 | J72: =+N($F72)*N(H72) -> 0 | K72: =J72+I72 -> 0
A73: 1.3 | B73: Supply and installation of 13A, multi intel type switched socket outlet controlled by one no. 16A switch and moulded plastic cover plate,including the termination of wires. | C73: No | F73: =SUM(D73:E73) -> 0 | I73: =+N($F73)*N(G73) -> 0 | J73: =+N($F73)*N(H73) -> 0 | K73: =J73+I73 -> 0
F74: =SUM(D74:E74) -> 0 | I74: =+N($F74)*N(G74) -> 0 | J74: =+N($F74)*N(H74) -> 0 | K74: =J74+I74 -> 0
A75: 1.4 | B75: Supply and installation of 2 nos. 6/16A,combination type shuttered socket outlet controlled by one no. 16A switch + Type A + C Charger + 1 Data and moulded plastic cover plate, including the termination of wires. | C75: No | D75: 5 | E75: =27+3 -> 30 | F75: =SUM(D75:E75) -> 35 | I75: =+N($F75)*N(G75) -> 0 | J75: =+N($F75)*N(H75) -> 0 | K75: =J75+I75 -> 0 | M75: New Item
F76: =SUM(D76:E76) -> 0 | I76: =+N($F76)*N(G76) -> 0 | J76: =+N($F76)*N(H76) -> 0 | K76: =J76+I76 -> 0
A77: 1.5 | B77: Supply and installation of 3 nos. 6/16A,combination type shuttered socket outlet controlled by one no. 16A switch + Type A + C Charger + 1 Data and moulded plastic cover plate, including the termination of wires. | C77: No | E77: =3+3 -> 6 | F77: =SUM(D77:E77) -> 6 | I77: =+N($F77)*N(G77) -> 0 | J77: =+N($F77)*N(H77) -> 0 | K77: =J77+I77 -> 0 | M77: New Item
F78: =SUM(D78:E78) -> 0 | I78: =+N($F78)*N(G78) -> 0 | J78: =+N($F78)*N(H78) -> 0 | K78: =J78+I78 -> 0
A79: 1.5 | B79: Supply and installation of 4 nos. 6/16A,combination type shuttered socket outlet controlled by one no. 16A switch, + Type A & C Charger + 1 Data and moulded plastic cover plate, including the termination of wires. | C79: No | E79: =201+21+10 -> 232 | F79: =SUM(D79:E79) -> 232 | I79: =+N($F79)*N(G79) -> 0 | J79: =+N($F79)*N(H79) -> 0 | K79: =J79+I79 -> 0 | M79: New Item
F80: =SUM(D80:E80) -> 0 | I80: =+N($F80)*N(G80) -> 0 | J80: =+N($F80)*N(H80) -> 0 | K80: =J80+I80 -> 0
A81: 1.6 | B81: Supply and installation of 16/20A industrial type socket in metallic enclosure with plug top D Curve – single phase 240V for hub/serverroom. WithDP MCBs (IP44) | C81: No | E81: =24+5 -> 29 | F81: =SUM(D81:E81) -> 29 | I81: =+N($F81)*N(G81) -> 0 | J81: =+N($F81)*N(H81) -> 0 | K81: =J81+I81 -> 0
F82: =SUM(D82:E82) -> 0 | I82: =+N($F82)*N(G82) -> 0 | J82: =+N($F82)*N(H82) -> 0 | K82: =J82+I82 -> 0
A83: =+A75+0.1 -> 1.5 | B83: Supply and installation of 25/32A industrial type socket in metallic enclosure with plug top D Curve – single phase 240V for hub/server room. WithDP MCBs (IP44) | C83: No | F83: =SUM(D83:E83) -> 0 | I83: =+N($F83)*N(G83) -> 0 | J83: =+N($F83)*N(H83) -> 0 | K83: =J83+I83 -> 0
F84: =SUM(D84:E84) -> 0 | I84: =+N($F84)*N(G84) -> 0 | J84: =+N($F84)*N(H84) -> 0 | K84: =J84+I84 -> 0
A85: 1.7 | B85: Supply and installation of 63A, DP C Curve MCB with IP55 weather proof enclosure for Acs/fans | C85: No | D85: 1 | E85: 1 | F85: =SUM(D85:E85) -> 2 | I85: =+N($F85)*N(G85) -> 0 | J85: =+N($F85)*N(H85) -> 0 | K85: =J85+I85 -> 0
F86: =SUM(D86:E86) -> 0 | I86: =+N($F86)*N(G86) -> 0 | J86: =+N($F86)*N(H86) -> 0 | K86: =J86+I86 -> 0
A87: 1.8 | B87: Supply and installation of 16/20A, TPN, C curve MCB with weather proof enclosure for fresh air fan | C87: No | D87: 1 | E87: 2 | F87: =SUM(D87:E87) -> 3 | I87: =+N($F87)*N(G87) -> 0 | J87: =+N($F87)*N(H87) -> 0 | K87: =J87+I87 -> 0
F88: =SUM(D88:E88) -> 0 | I88: =+N($F88)*N(G88) -> 0 | J88: =+N($F88)*N(H88) -> 0 | K88: =J88+I88 -> 0
A89: 1.9 | B89: Supply and installation of 40A, TP RCBO(300mA) with weather proof enclosure for HVAC | C89: No | D89: 1 | E89: 2 | F89: =SUM(D89:E89) -> 3 | I89: =+N($F89)*N(G89) -> 0 | J89: =+N($F89)*N(H89) -> 0 | K89: =J89+I89 -> 0
F90: =SUM(D90:E90) -> 0 | I90: =+N($F90)*N(G90) -> 0 | J90: =+N($F90)*N(H90) -> 0 | K90: =J90+I90 -> 0
A91: 1.1 | B91: Supply and installation of 63A, TP RCBO(300mA) with weather proof enclosure for HVAC | C91: No | D91: 1 | E91: 2 | F91: =SUM(D91:E91) -> 3 | I91: =+N($F91)*N(G91) -> 0 | J91: =+N($F91)*N(H91) -> 0 | K91: =J91+I91 -> 0
F92: =SUM(D92:E92) -> 0 | I92: =+N($F92)*N(G92) -> 0 | J92: =+N($F92)*N(H92) -> 0 | K92: =J92+I92 -> 0
A93: 1.11 | B93: Supply and installation of 80A, TPN C Curve MCCB with weather proof enclosure | C93: No | E93: 1 | F93: =SUM(D93:E93) -> 1 | I93: =+N($F93)*N(G93) -> 0 | J93: =+N($F93)*N(H93) -> 0 | K93: =J93+I93 -> 0
F94: =SUM(D94:E94) -> 0
A95: 1.12 | B95: Supply and installation of 16/20A industrial type socket controlled by 16A DP switch | C95: No | D95: 5 | E95: 5 | F95: =SUM(D95:E95) -> 10 | I95: =+N($F95)*N(G95) -> 0 | J95: =+N($F95)*N(H95) -> 0 | K95: =J95+I95 -> 0 | M95: New Iem
F96: =SUM(D96:E96) -> 0
A97: 1.14 | B97: Supply & Installation of HDMI Port with Box | C97: No | E97: =8+2 -> 10 | F97: =SUM(D97:E97) -> 10 | I97: =+N($F97)*N(G97) -> 0 | J97: =+N($F97)*N(H97) -> 0 | K97: =J97+I97 -> 0 | M97: New Item
F98: =SUM(D98:E98) -> 0
A99: 1.15 | B99: 2/3 module way MS back box for socket fixing (Service pp & Pantry pp & Hvac pp) | C99: No | D99: 10 | E99: 190 | F99: =SUM(D99:E99) -> 200 | I99: =+N($F99)*N(G99) -> 0 | J99: =+N($F99)*N(H99) -> 0 | K99: =J99+I99 -> 0
F100: =SUM(D100:E100) -> 0 | I100: =+N($F100)*N(G100) -> 0 | J100: =+N($F100)*N(H100) -> 0 | K100: =J100+I100 -> 0
A101: 1.16 | B101: 6 module way MS back box for socket fixing (FOR TV & Other ) | C101: No | D101: 2 | E101: 38 | F101: =SUM(D101:E101) -> 40 | I101: =+N($F101)*N(G101) -> 0 | J101: =+N($F101)*N(H101) -> 0 | K101: =J101+I101 -> 0
F102: =SUM(D102:E102) -> 0 | I102: =+N($F102)*N(G102) -> 0 | J102: =+N($F102)*N(H102) -> 0 | K102: =J102+I102 -> 0
A103: 1.17 | B103: 8 module way MS back box for socket fixing | C103: No | D103: 2 | E103: 38 | F103: =SUM(D103:E103) -> 40 | I103: =+N($F103)*N(G103) -> 0 | J103: =+N($F103)*N(H103) -> 0 | K103: =J103+I103 -> 0
F104: =SUM(D104:E104) -> 0 | I104: =+N($F104)*N(G104) -> 0 | J104: =+N($F104)*N(H104) -> 0 | K104: =J104+I104 -> 0
A105: 1.18 | B105: Prefabricated MS powder coated floor pop up box, MS top cover with 2 sets of 2 nos combination type 6/16A sockets with 2 nos 16A Switch in UPS power. With provision for 2 Data ports - Scope inclusive of chipping and fixing with cement plastering. | C105: No | D105: 5 | E105: 5 | F105: =SUM(D105:E105) -> 10 | I105: =+N($F105)*N(G105) -> 0 | J105: =+N($F105)*N(H105) -> 0 | K105: =J105+I105 -> 0
B107: TOTAL CARRIED OVER TO THE SUMMARY | I107: =SUM(I68:I106) -> 0 | J107: =SUM(J68:J106) -> 0 | K107: =SUM(K68:K106) -> 0
...

Sheet UPS BOQ
A1: Project | B1: : TABLE SPACE
A2: Consultants | B2: : E Sollutions Consultancy Pvt Ltd
A3: Subject | B3: : UPS BOQ
A4: Date | B4: : 30.04.2026
A5: Sl. No | B5: Descirption | C5: Unit | D5: Total Qty | E5: Unit Rate
E6: Supply | F6: Installation
A7: A | B7: UPS & BATTERY RELATED WORKS
A8: I | B8: EQUIPMENT | H8: =E11*2.5% -> 0
A10: A | B10: UPS
A11: 1 | B11: Design, manufacture, assembly, supply, installation, testing, delivery and commissioning of 100-kVA Frame size Modular UPS with 25 kVA X 3 modules in each frame with hot swapable Continuous rating, online, double conversion operating modular type 3 ph input and 3 ph output Modular UPS system with IGBT rectifier as per technical specifications. The UPS Module Cabinet shall consist of a Breaker & breaker cabinet, rectifier / charger, a three-phase inverter, static transfer switch, Maintenance Bi-pass Switch, logic, synchronizing equipment, protective devices and accessories as required for proper operation.The Modular system is selected in N+1 configuration. Routine tests needs to be done at factory & test reports need to be submitted. - The UPS System to be provided with Dual Input Card for both Modus Monitoring in BMS system and IP Monitoring over Network parallely including Parallel working configuration required accessories. | C11: No | D11: 1 | G11: =SUM(E11:F11)*N($D11) -> 0
G12: =SUM(E12:F12)*N($D12) -> 0
A13: =A11+1 -> 2 | B13: Supply, Installation, Testing and commissiong of required Ah of Valve regulated lead–acid (VRLA) Batteries of approved make suitable for 3x25 kVA sets @0.9PF to give minimum 15 minutes backup. The rate shall include bankwise battery monitoring system. Battery monitoring PC should be located in BMS room. | C13: Set | D13: 1 | G13: =SUM(E13:F13)*N($D13) -> 0
E14: 0 | F14: 0 | G14: =SUM(E14:F14)*N($D14) -> 0
A15: 3 | B15: CABLING SYSTEM | E15: 0 | F15: 0 | G15: =SUM(E15:F15)*N($D15) -> 0
E16: 0 | F16: 0 | G16: =SUM(E16:F16)*N($D16) -> 0
A17: =A15+0.1 -> 3.1 | B17: Supply, installation, testing and commissioning of 1100V grade multistrand, copper conductor, Uni Nyvin, unarmoured flexible cable of requisite size for interconnection between battery, battery breakers and the respective 3x25 kVA UPS Units. The cable shall conform to IS-694 | C17: LS | D17: 1 | G17: =SUM(E17:F17)*N($D17) -> 0
E18: 0 | F18: 0 | G18: =SUM(E18:F18)*N($D18) -> 0
A19: =A17+0.1 -> 3.2 | B19: Supply, installation and commissioning of 1100V grade multistrand, copper conductor, Uni Nyvin, unarmoured flexible cable termination with Single compression cable gland, Ring type copper lugs and necessary steel bolts for interconnection between battery, battery breakers and the respective 3x25 kVA UPS Units. | C19: LS | D19: 1 | G19: =SUM(E19:F19)*N($D19) -> 0
E20: 0 | F20: 0 | G20: =SUM(E20:F20)*N($D20) -> 0
A21: =A19+0.1 -> 3.3 | B21: Supply, installation and commissioning of 1100V grade multistrand, copper conductor, FRLS insulated, 4C x 1.5 Sq.mm unarmoured flexible cable & termination with Single compression cable gland, Ring type copper lugs and necessary steel bolts for interconnection between UPS & Battery breaker. | C21: LS | D21: 1 | G21: =SUM(E21:F21)*N($D21) -> 0
E22: 0 | F22: 0 | G22: =SUM(E22:F22)*N($D22) -> 0
A23: 4 | B23: MS SUPPORTING STRUCTURES | E23: 0 | F23: 0 | G23: =SUM(E23:F23)*N($D23) -> 0
E24: 0 | F24: 0 | G24: =SUM(E24:F24)*N($D24) -> 0
A25: =A23+0.1 -> 4.1 | B25: Supply & installation of fabricated MS frame approximately 600mm height suitable for 3x25 KVA UPS. MS Supports should be factory fabricated with Anticorrosive powder coating. The design of stool shall ensure uniform distribution of weight less than 400kg/Sq.m | C25: No | D25: 1 | G25: =SUM(E25:F25)*N($D25) -> 0
E26: 0 | F26: 0 | G26: =SUM(E26:F26)*N($D26) -> 0
A27: =A25+0.1 -> 4.2 | B27: Supply & installation of fabricated MS frame approximately 600mm height suitable for 3x25 KVA UPS Battery Bank. MS Supports should be factory fabricated with Anticorrosive powder coating. The design of stool shall ensure uniform distribution of weight less than 400kg/Sq.m | C27: No | D27: 1 | G27: =SUM(E27:F27)*N($D27) -> 0
E28: 0 | F28: 0 | G28: =SUM(E28:F28)*N($D28) -> 0
A29: 5 | B29: REMOTE ALARM PANEL | E29: 0 | F29: 0 | G29: =SUM(E29:F29)*N($D29) -> 0
E30: 0 | F30: 0 | G30: =SUM(E30:F30)*N($D30) -> 0
A31: 5.1 | B31: Supply, installation, testing and commissioning of Remote Alarm Panel with buzzer and display for 1 Nos 3x25 kVA UPS unit as required with interconnecting signal cables drawn in MS conduit and flexible MS conduits, fixing of conduit with necessary accessories, supports etc. Complete as per technical specification. The quoted rate shall be inclusive of metal conduits, flexible metal conduits and necessary fixing accessories, supports etc. Remote Alarm Panel with hooter and cable till BMS room need to be considered for monitoring of UPS units. | C31: No | D31: 1 | G31: =SUM(E21:F21)*N($D21) -> 0
E32: 0 | F32: 0 | G32: =SUM(E32:F32)*N($D32) -> 0
A33: 6 | B33: LOAD TESTING | E33: 0 | F33: 0 | G33: =SUM(E33:F33)*N($D33) -> 0
E34: 0 | F34: 0 | G34: =SUM(E34:F34)*N($D34) -> 0
A35: 6.1 | B35: Site testing of 3x25 kVA online, double conversion UPS systems including load testing with all necessary cables, Load bank of resistive Load @ site for testing etc. complete for UPS System | C35: LS | D35: 1 | G35: =SUM(E35:F35)*N($D35) -> 0
B37: TOTAL - UPS - WORK STATION | G37: =SUM(G11:G36) -> 0
A39: B | B39: Conventional UPS - Emegency Lighting
A40: 1 | B40: Design, manufacture, assembly, supply, installation, testing, delivery and commissioning of 6 kVA Conventional UPS Continuous rating, online, double conversion operating modular type 1 ph input and 1 ph output UPS system with IGBT rectifier as per technical specifications. The UPS Cabinet shall consist of a Breaker & breaker cabinet, rectifier / charger, a three-phase inverter, static transfer switch, Maintenance Bi-pass Switch, logic, synchronizing equipment, protective devices and accessories as required for proper operation.The UPS system is selected in N configuration. Routine tests needs to be done at factory & test reports need to be submitted. - The UPS System to be provided with Dual Input Card for both Modus Monitoring in BMS system and IP Monitoring over Network parallely including Parallel working configuration required accessories. | C40: No | D40: 1 | G40: =SUM(E40:F40)*N($D40) -> 0
E41: 0 | F41: 0 | G41: =SUM(E41:F41)*N($D41) -> 0
A42: 2 | B42: Supply, Installation, Testing and commissiong of required Ah of Valve regulated lead–acid (VRLA) Batteries of approved make suitable for 6 kVA sets to give minimum 90 minutes backup. The rate shall include bankwise battery monitoring system. Power factor 0.93 to be considered for battery sizing. | C42: Set | D42: 1 | G42: =SUM(E42:F42)*N($D42) -> 0
E43: 0 | F43: 0 | G43: =SUM(E43:F43)*N($D43) -> 0
A44: 3 | B44: CABLING SYSTEM | E44: 0 | F44: 0 | G44: =SUM(E44:F44)*N($D44) -> 0
E45: 0 | F45: 0 | G45: =SUM(E45:F45)*N($D45) -> 0
A46: 3.1 | B46: Supply, installation, testing and commissioning of 1100V grade multistrand, copper conductor, Uni Nyvin, unarmoured flexible cable of requisite size for interconnection between battery, battery breakers and the respective 6 kVA UPS Units for Above given configuration. The cable shall conform to IS-694. | C46: LS | D46: 1 | G46: =SUM(E46:F46)*N($D46) -> 0
E47: 0 | F47: 0 | G47: =SUM(E47:F47)*N($D47) -> 0
A48: 3.2 | B48: Supply, installation and commissioning of 1100V grade multistrand, copper conductor, Uni Nyvin, unarmoured flexible cable termination with Single compression cable gland, Ring type copper lugs and necessary steel bolts for interconnection between battery, battery breakers and the respective 7.5 kVA UPS Units. For Above given configuration | C48: LS | D48: 1 | G48: =SUM(E48:F48)*N($D48) -> 0
E49: 0 | F49: 0 | G49: =SUM(E49:F49)*N($D49) -> 0
A50: 3.3 | B50: Supply, installation and commissioning of 1100V grade multistrand, copper conductor, FRLS insulated, 4C x 1.7.5 Sq.mm unarmoured flexible cable & termination with Single compression cable gland, Ring type copper lugs and necessary steel bolts for interconnection between UPS & Battery breaker. For Above given configuration (7.5 kVA UPS) | C50: LS | D50: 1 | G50: =SUM(E50:F50)*N($D50) -> 0
E51: 0 | F51: 0 | G51: =SUM(E51:F51)*N($D51) -> 0
A52: 4 | B52: MS SUPPORTING STRUCTURES | E52: 0 | F52: 0 | G52: =SUM(E52:F52)*N($D52) -> 0
E53: 0 | F53: 0 | G53: =SUM(E53:F53)*N($D53) -> 0
B54: MS frame to be factory made, powder coated with approved colour and to have anti corrosive coating | E54: 0 | F54: 0 | G54: =SUM(E54:F54)*N($D54) -> 0
E55: 0 | F55: 0 | G55: =SUM(E55:F55)*N($D55) -> 0
A56: 4.1 | B56: Supply & installation of fabricated MS frame approximately 600mm height suitable for 6 KVA UPS. MS Supports should be factory fabricated with Anticorrosive powder coating. The design of stool shall ensure uniform distribution of weight less than 400kg/Sq.m | C56: No | D56: 1 | G56: =SUM(E56:F56)*N($D56) -> 0 | H56: =7/0.8 -> 8.75
E57: 0 | F57: 0 | G57: =SUM(E57:F57)*N($D57) -> 0
A58: 4.2 | B58: Supply & installation of fabricated MS frame approximately 600mm height suitable for 6 KVA UPS Battery Bank. MS Supports should be factory fabricated with Anticorrosive powder coating. The design of stool shall ensure uniform distribution of weight less than 400kg/Sq.m | C58: No | D58: 1 | G58: =SUM(E58:F58)*N($D58) -> 0
E59: 0 | F59: 0 | G59: =SUM(E59:F59)*N($D59) -> 0
A60: 5 | B60: REMOTE ALARM PANEL | E60: 0 | F60: 0 | G60: =SUM(E60:F60)*N($D60) -> 0
E61: 0 | F61: 0 | G61: =SUM(E61:F61)*N($D61) -> 0
A62: 5.1 | B62: Supply, installation, testing and commissioning of Remote Alarm Panel with buzzer and display for 6KVA UPS unit as required with interconnecting signal cables drawn in MS conduit and flexible MS conduits, fixing of conduit with necessary accessories, supports etc. Complete as per technical specification. The quoted rate shall be inclusive of metal conduits, flexible metal conduits and necessary fixing accessories, supports etc. Remote Alarm Panel with hooter and cable till BMS room need to be considered for monitoring of UPS units. | C62: No | D62: 1 | G62: =SUM(E62:F62)*N($D62) -> 0
E63: 0 | F63: 0 | G63: =SUM(E63:F63)*N($D63) -> 0
A64: 6 | B64: LOAD TESTING | E64: 0 | F64: 0 | G64: =SUM(E64:F64)*N($D64) -> 0
E65: 0 | F65: 0 | G65: =SUM(E65:F65)*N($D65) -> 0
A66: 7.1 | B66: Site testing of 6 kVA online, double conversion UPS systems including load testing with all necessary cables, Load bank of resistive Load @ site for testing etc. complete for UPS System | C66: No | D66: 1 | G66: =SUM(E66:F66)*N($D66) -> 0
B68: TOTAL - Conventional UPS -Emergency lighting loads | G68: =SUM(G40:G67) -> 0
A70: C | B70: Conventional UPS - Server loads
A71: 1 | B71: Design, manufacture, assembly, supply, installation, testing, delivery and commissioning of 10 kVA Conventional UPS Continuous rating, online, double conversion operating modular type 3 ph input and 3 ph output UPS system with IGBT rectifier as per technical specifications. The UPS Cabinet shall consist of a Breaker & breaker cabinet, rectifier / charger, a three-phase inverter, static transfer switch, Maintenance Bi-pass Switch, logic, synchronizing equipment, protective devices and accessories as required for proper operation.The UPS system is selected in N configuration. Routine tests needs to be done at factory & test reports need to be submitted. - The UPS System to be provided with Dual Input Card for both Modus Monitoring in BMS system and IP Monitoring over Network parallely including Parallel working configuration required accessories. | C71: No | D71: 1 | G71: =SUM(E71:F71)*N($D71) -> 0
E72: 0 | F72: 0 | G72: =SUM(E72:F72)*N($D72) -> 0
A73: 2 | B73: Supply, Installation, Testing and commissiong of required Ah of Valve regulated lead–acid (VRLA) Batteries of approved make suitable for 10 kVA sets to give minimum 15 minutes backup. The rate shall include bankwise battery monitoring system. Power factor 0.93 to be considered for battery sizing. | C73: Set | D73: 1 | G73: =SUM(E73:F73)*N($D73) -> 0
E74: 0 | F74: 0 | G74: =SUM(E74:F74)*N($D74) -> 0
A75: 3 | B75: CABLING SYSTEM | E75: 0 | F75: 0 | G75: =SUM(E75:F75)*N($D75) -> 0
E76: 0 | F76: 0 | G76: =SUM(E76:F76)*N($D76) -> 0
A77: 3.1 | B77: Supply, installation, testing and commissioning of 1100V grade multistrand, copper conductor, Uni Nyvin, unarmoured flexible cable of requisite size for interconnection between battery, battery breakers and the respective 10 kVA UPS Units for Above given configuration. The cable shall conform to IS-694. | C77: LS | D77: 1 | G77: =SUM(E77:F77)*N($D77) -> 0
E78: 0 | F78: 0 | G78: =SUM(E78:F78)*N($D78) -> 0
A79: 3.2 | B79: Supply, installation and commissioning of 1100V grade multistrand, copper conductor, Uni Nyvin, unarmoured flexible cable termination with Single compression cable gland, Ring type copper lugs and necessary steel bolts for interconnection between battery, battery breakers and the respective 10 kVA UPS Units. For Above given configuration | C79: LS | D79: 1 | G79: =SUM(E79:F79)*N($D79) -> 0
E80: 0 | F80: 0 | G80: =SUM(E80:F80)*N($D80) -> 0
A81: 3.3 | B81: Supply, installation and commissioning of 1100V grade multistrand, copper conductor, FRLS insulated, 4C x 1.5 Sq.mm unarmoured flexible cable & termination with Single compression cable gland, Ring type copper lugs and necessary steel bolts for interconnection between UPS & Battery breaker. For Above given configuration (10 kVA UPS) | C81: LS | D81: 1 | G81: =SUM(E81:F81)*N($D81) -> 0
E82: 0 | F82: 0 | G82: =SUM(E82:F82)*N($D82) -> 0
A83: 4 | B83: MS SUPPORTING STRUCTURES | E83: 0 | F83: 0 | G83: =SUM(E83:F83)*N($D83) -> 0
E84: 0 | F84: 0 | G84: =SUM(E84:F84)*N($D84) -> 0
B85: MS frame to be factory made, powder coated with approved colour and to have anti corrosive coating | E85: 0 | F85: 0 | G85: =SUM(E85:F85)*N($D85) -> 0
E86: 0 | F86: 0 | G86: =SUM(E86:F86)*N($D86) -> 0
A87: 4.1 | B87: Supply & installation of fabricated MS frame approximately 600mm height suitable for 10 KVA UPS. The design of stool shall ensure uniform distribution of weight less than 400kg/Sq.m | C87: No | D87: 1 | G87: =SUM(E87:F87)*N($D87) -> 0
E88: 0 | F88: 0 | G88: =SUM(E88:F88)*N($D88) -> 0
A89: 4.2 | B89: Supply & installation of fabricated MS frame approximately 600mm height suitable for 10 KVA UPS Battery Bank. The design of stool shall ensure uniform distribution of weight less than 400kg/Sq.m | C89: No | D89: 1 | G89: =SUM(E89:F89)*N($D89) -> 0
E90: 0 | F90: 0 | G90: =SUM(E90:F90)*N($D90) -> 0
A91: 5 | B91: REMOTE ALARM PANEL | E91: 0 | F91: 0 | G91: =SUM(E91:F91)*N($D91) -> 0
E92: 0 | F92: 0 | G92: =SUM(E92:F92)*N($D92) -> 0
A93: 5.1 | B93: Supply, installation, testing and commissioning of Remote Alarm Panel with buzzer and display for 10 KVA UPS unit as required with interconnecting signal cables drawn in MS conduit and flexible MS conduits, fixing of conduit with necessary accessories, supports etc. Complete as per technical specification. The quoted rate shall be inclusive of metal conduits, flexible metal conduits and necessary fixing accessories, supports etc. Remote Alarm Panel with hooter and cable till BMS room need to be considered for monitoring of UPS units. | C93: No | D93: 1 | G93: =SUM(E93:F93)*N($D93) -> 0
E94: 0 | F94: 0 | G94: =SUM(E94:F94)*N($D94) -> 0
A95: 6 | B95: LOAD TESTING | E95: 0 | F95: 0 | G95: =SUM(E95:F95)*N($D95) -> 0
E96: 0 | F96: 0 | G96: =SUM(E96:F96)*N($D96) -> 0
A97: 6.1 | B97: Site testing of 10 kVA online, double conversion UPS systems including load testing with all necessary cables, Load bank of resistive Load @ site for testing etc. complete for UPS System | C97: No | D97: 1 | G97: =SUM(E97:F97)*N($D97) -> 0
B99: TOTAL - Conventional UPS - Server / Hub room loads | G99: =SUM(G71:G98) -> 0
B101: Sub Total - 1 (Work station UPS) | G101: =G37 -> 0
B102: Sub Total - 2 (Emergency UPS) | G102: =G68 -> 0
B103: Sub Total - 3 (Server / Hub room UPS) | G103: =G99 -> 0
B105: GRAND TOTAL | G105: =SUM(G101:G104) -> 0 | H105: =G105/68000 -> 0
